Model,Condition,Fold,F1,Recall,Precision,ROC_AUC
Logistic Regression,No SMOTE,1,0.22413793103448276,0.8125,0.13,0.8349780701754386
Logistic Regression,No SMOTE,2,0.2222222222222222,0.8125,0.12871287128712872,0.7874634502923976
Logistic Regression,No SMOTE,3,0.23008849557522124,0.8125,0.13402061855670103,0.8625730994152048
Logistic Regression,No SMOTE,4,0.23636363636363636,0.8125,0.13829787234042554,0.8358918128654971
Logistic Regression,No SMOTE,5,0.19469026548672566,0.6875,0.1134020618556701,0.8167032163742691
Logistic Regression,No SMOTE,6,0.18604651162790697,0.75,0.10619469026548672,0.7622441520467836
Logistic Regression,No SMOTE,7,0.24347826086956523,0.875,0.1414141414141414,0.8759137426900585
Logistic Regression,No SMOTE,8,0.2222222222222222,0.8125,0.12871287128712872,0.8266129032258065
Logistic Regression,No SMOTE,9,0.24793388429752067,0.9375,0.14285714285714285,0.8819648093841642
Logistic Regression,No SMOTE,10,0.23853211009174313,0.8125,0.13978494623655913,0.876282991202346
MLP,No SMOTE,1,0.0,0.0,0.0,0.6186038011695906
MLP,No SMOTE,2,0.0,0.0,0.0,0.535453216374269
MLP,No SMOTE,3,0.0,0.0,0.0,0.6348684210526316
MLP,No SMOTE,4,0.0,0.0,0.0,0.6672149122807017
MLP,No SMOTE,5,0.0,0.0,0.0,0.607638888888889
MLP,No SMOTE,6,0.0,0.0,0.0,0.5398391812865497
MLP,No SMOTE,7,0.0,0.0,0.0,0.5416666666666667
MLP,No SMOTE,8,0.0,0.0,0.0,0.6942815249266863
MLP,No SMOTE,9,0.0,0.0,0.0,0.7032624633431085
MLP,No SMOTE,10,0.0,0.0,0.0,0.7648460410557184
Decision Tree,No SMOTE,1,0.125,0.125,0.125,0.54203216374269
Decision Tree,No SMOTE,2,0.11428571428571428,0.125,0.10526315789473684,0.5376461988304093
Decision Tree,No SMOTE,3,0.13793103448275862,0.125,0.15384615384615385,0.5464181286549706
Decision Tree,No SMOTE,4,0.0,0.0,0.0,0.4868421052631579
Decision Tree,No SMOTE,5,0.0,0.0,0.0,0.48538011695906436
Decision Tree,No SMOTE,6,0.0,0.0,0.0,0.4766081871345029
Decision Tree,No SMOTE,7,0.06666666666666667,0.0625,0.07142857142857142,0.5122441520467836
Decision Tree,No SMOTE,8,0.26666666666666666,0.25,0.2857142857142857,0.6103372434017595
Decision Tree,No SMOTE,9,0.06451612903225806,0.0625,0.06666666666666667,0.5107221407624635
Decision Tree,No SMOTE,10,0.125,0.125,0.125,0.5419721407624634
Random Forest,No SMOTE,1,0.0,0.0,0.0,0.8067434210526316
Random Forest,No SMOTE,2,0.0,0.0,0.0,0.7567616959064327
Random Forest,No SMOTE,3,0.0,0.0,0.0,0.841374269005848
Random Forest,No SMOTE,4,0.0,0.0,0.0,0.7917580409356725
Random Forest,No SMOTE,5,0.0,0.0,0.0,0.7948647660818713
Random Forest,No SMOTE,6,0.0,0.0,0.0,0.7182931286549707
Random Forest,No SMOTE,7,0.0,0.0,0.0,0.8105811403508771
Random Forest,No SMOTE,8,0.11764705882352941,0.0625,1.0,0.7980205278592376
Random Forest,No SMOTE,9,0.0,0.0,0.0,0.8340359237536656
Random Forest,No SMOTE,10,0.0,0.0,0.0,0.8629948680351907
Gradient Boosting,No SMOTE,1,0.0,0.0,0.0,0.8110380116959064
Gradient Boosting,No SMOTE,2,0.0,0.0,0.0,0.7932200292397662
Gradient Boosting,No SMOTE,3,0.0,0.0,0.0,0.9055190058479532
Gradient Boosting,No SMOTE,4,0.0,0.0,0.0,0.7943165204678363
Gradient Boosting,No SMOTE,5,0.0,0.0,0.0,0.8177997076023391
Gradient Boosting,No SMOTE,6,0.0,0.0,0.0,0.7633406432748538
Gradient Boosting,No SMOTE,7,0.0,0.0,0.0,0.8733552631578948
Gradient Boosting,No SMOTE,8,0.0,0.0,0.0,0.7868401759530792
Gradient Boosting,No SMOTE,9,0.0,0.0,0.0,0.8496151026392962
Gradient Boosting,No SMOTE,10,0.0,0.0,0.0,0.8627199413489736
Logistic Regression,With SMOTE,1,0.25,0.4375,0.175,0.8079312865497076
Logistic Regression,With SMOTE,2,0.24,0.375,0.17647058823529413,0.7567616959064327
Logistic Regression,With SMOTE,3,0.21052631578947367,0.375,0.14634146341463414,0.8320540935672515
Logistic Regression,With SMOTE,4,0.1568627450980392,0.25,0.11428571428571428,0.7982456140350878
Logistic Regression,With SMOTE,5,0.19607843137254902,0.3125,0.14285714285714285,0.7799707602339181
Logistic Regression,With SMOTE,6,0.13333333333333333,0.25,0.09090909090909091,0.7291666666666667
Logistic Regression,With SMOTE,7,0.23728813559322035,0.4375,0.16279069767441862,0.833516081871345
Logistic Regression,With SMOTE,8,0.11764705882352941,0.1875,0.08571428571428572,0.781891495601173
Logistic Regression,With SMOTE,9,0.17857142857142858,0.3125,0.125,0.7877565982404693
Logistic Regression,With SMOTE,10,0.24561403508771928,0.4375,0.17073170731707318,0.8456744868035191
MLP,With SMOTE,1,0.2631578947368421,0.3125,0.22727272727272727,0.7719298245614036
MLP,With SMOTE,2,0.05,0.0625,0.041666666666666664,0.673611111111111
MLP,With SMOTE,3,0.18181818181818182,0.1875,0.17647058823529413,0.6966374269005848
MLP,With SMOTE,4,0.1951219512195122,0.25,0.16,0.7741228070175439
MLP,With SMOTE,5,0.15789473684210525,0.1875,0.13636363636363635,0.7958698830409356
MLP,With SMOTE,6,0.23076923076923078,0.375,0.16666666666666666,0.7512792397660818
MLP,With SMOTE,7,0.16216216216216217,0.1875,0.14285714285714285,0.739766081871345
MLP,With SMOTE,8,0.3,0.375,0.25,0.7562316715542522
MLP,With SMOTE,9,0.20512820512820512,0.25,0.17391304347826086,0.7861070381231672
MLP,With SMOTE,10,0.2,0.375,0.13636363636363635,0.7793255131964809
Decision Tree,With SMOTE,1,0.2916666666666667,0.4375,0.21875,0.6822002923976609
Decision Tree,With SMOTE,2,0.10810810810810811,0.125,0.09523809523809523,0.5347222222222222
Decision Tree,With SMOTE,3,0.22857142857142856,0.25,0.21052631578947367,0.6030701754385965
Decision Tree,With SMOTE,4,0.10810810810810811,0.125,0.09523809523809523,0.5347222222222222
Decision Tree,With SMOTE,5,0.10810810810810811,0.125,0.09523809523809523,0.5347222222222222
Decision Tree,With SMOTE,6,0.08695652173913043,0.125,0.06666666666666667,0.5215643274853802
Decision Tree,With SMOTE,7,0.17777777777777778,0.25,0.13793103448275862,0.5884502923976609
Decision Tree,With SMOTE,8,0.13636363636363635,0.1875,0.10714285714285714,0.5570931085043987
Decision Tree,With SMOTE,9,0.18867924528301888,0.3125,0.13513513513513514,0.6093291788856304
Decision Tree,With SMOTE,10,0.125,0.1875,0.09375,0.5512280058651026
Random Forest,With SMOTE,1,0.13793103448275862,0.125,0.15384615384615385,0.8062865497076023
Random Forest,With SMOTE,2,0.0,0.0,0.0,0.7623355263157896
Random Forest,With SMOTE,3,0.09523809523809523,0.0625,0.2,0.8784722222222222
Random Forest,With SMOTE,4,0.0,0.0,0.0,0.7935855263157895
Random Forest,With SMOTE,5,0.14814814814814814,0.125,0.18181818181818182,0.7870065789473685
Random Forest,With SMOTE,6,0.06896551724137931,0.0625,0.07692307692307693,0.7182931286549707
Random Forest,With SMOTE,7,0.09090909090909091,0.0625,0.16666666666666666,0.7905701754385965
Random Forest,With SMOTE,8,0.2857142857142857,0.25,0.3333333333333333,0.7964626099706744
Random Forest,With SMOTE,9,0.0,0.0,0.0,0.8144244868035191
Random Forest,With SMOTE,10,0.08333333333333333,0.0625,0.125,0.8333027859237536
Gradient Boosting,With SMOTE,1,0.13793103448275862,0.125,0.15384615384615385,0.7897478070175439
Gradient Boosting,With SMOTE,2,0.2222222222222222,0.1875,0.2727272727272727,0.7870979532163742
Gradient Boosting,With SMOTE,3,0.07692307692307693,0.0625,0.1,0.8530701754385965
Gradient Boosting,With SMOTE,4,0.16666666666666666,0.125,0.25,0.7760416666666666
Gradient Boosting,With SMOTE,5,0.12903225806451613,0.125,0.13333333333333333,0.7970577485380117
Gradient Boosting,With SMOTE,6,0.10526315789473684,0.125,0.09090909090909091,0.7692799707602339
Gradient Boosting,With SMOTE,7,0.0,0.0,0.0,0.8283991228070176
Gradient Boosting,With SMOTE,8,0.22857142857142856,0.25,0.21052631578947367,0.7982038123167156
Gradient Boosting,With SMOTE,9,0.20689655172413793,0.1875,0.23076923076923078,0.7928885630498533
Gradient Boosting,With SMOTE,10,0.07142857142857142,0.0625,0.08333333333333333,0.7877565982404693
